{"cameraMode":{"drawMode":0,"name":"Shaded","section":"Shading Mode"},"sceneLighting":true,"audioPlay":false,"sceneViewState":{"showFog":true,"showMaterialUpdate":false,"showSkybox":true,"showFlares":true,"showImageEffects":true,"showParticleSystems":true,"showVisualEffectGraphs":true,"m_FxEnabled":true},"in2DMode":false,"pivot":{"x":-6.304440498352051,"y":-0.019767165184020997,"z":1.9293453693389893},"rotation":{"x":0.14503128826618195,"y":-0.49843111634254458,"z":0.08499134331941605,"w":0.8504853248596191},"size":8.072515487670899,"orthographic":false}